https://x.com/EduCannotWait/status/1915368312466256045/photo/1	
https://x.com/STEMcollege/status/1915320371567301076/photo/1	
https://x.com/Fatesblind/status/1915171750951977045/photo/1	
https://x.com/EduCannotWait/status/1915254376169455690/photo/1	
https://x.com/xxmonickaxx/status/1914629759641800716/photo/1
https://x.com/elearnindustry/status/1915299672932966670/photo/1 	
https://x.com/MyAcademicFam/status/1915068591495336124/photo/1 	
https://x.com/LPKReading/status/1913699990121181211/photo/1 	
https://x.com/DeltaDarton/status/1915370250893250935/photo/1 	
https://x.com/farapardaz/status/1912633336553484524/photo/1 
https://x.com/martins_oyetoro/status/1915098441711055268/photo/1 	
https://x.com/Collegepur_X/status/1915384672177050002/photo/1 	
https://x.com/MMFUofT/status/1915388756317921767/photo/1 	
https://x.com/JobbermanGhana/status/1914639183919865874/photo/1 	
https://x.com/pepelwerk/status/1915073282912534796/photo/1 
https://x.com/MaxDigitalSight/status/1913621304915136573/photo/1 	
https://x.com/ThePublicHealt1/status/1915375433874387191/photo/1 	
https://x.com/AMWAStudents/status/1909964651837694278/photo/1 	
https://x.com/bit_explor30429/status/1912019398493426094/photo/1 	
https://x.com/letsworkfour/status/1913281668904821166/photo/1 
Â https://x.com/HealthierMI/status/1915439387837374959	
https://x.com/deepti48/status/1911471443835256991	
https://x.com/deepti48/status/1915442611730424228	
https://x.com/Games4HealthJ/status/191534295454762643	
https://x.com/heamachealth/status/1915376332743024934
https://x.com/DeeAnnaNagel/status/1890443225162248541/photo/1 	
https://x.com/YrTimeToShine/status/1914701226563748005 	
https://x.com/spencerrayner/status/1900261235628630257 	
https://x.com/TimothyPlan/status/1908173193300390276 	
https://x.com/LIFENig2012/status/1897568983550763437
https://x.com/TimOnTheTractor/status/1687250999013244928 	
https://x.com/yazdanifauzia/status/1686235855885881344	
https://x.com/SpeakUp407/status/1620990422721105920	
https://x.com/JohnClke/status/1664919036017123329	
https://x.com/TV2000it/status/1899022893234737263
https://x.com/KingBeny3rd/status/1898567526675792015 	
https://x.com/JesseWeather000/status/1911841346920251407 	
https://x.com/arantec/status/1909930798209233352 	
https://x.com/arantec/status/1914757660441723037 	
https://x.com/newswise/status/1910202632397877446
https://x.com/climateWWF/status/1915181879877083221 	
https://x.com/janrosenow/status/1615272472609275905 	
https://x.com/energy_assured/status/1914636298759102892 	
https://x.com/ZulfiqarAhmed69/status/1535519902328664069 	
https://x.com/AFSIA_Official/status/1915359312181870751 
https://x.com/KREDL_GoK/status/1915287282770231354 	
https://x.com/KREDL_GoK/status/1914926630054547848/photo/1 	
https://x.com/EScottOstrowski/status/1915044595790225813	
https://x.com/RainbowREarths/status/1915342535544701425/photo/1	
https://x.com/AFSIA_Official/status/1915027384530616749/photo/1
https://x.com/richardaumar/status/1912055773657522673 	
https://x.com/SYS_Medtech_Int/status/1914618946780532955	
https://x.com/LowCarbonM/status/1914630708800241768/photo/1	
https://x.com/OECDinnovation/status/1904169514767368583 	
https://x.com/weact4ej/status/1915469340444368983
https://x.com/PeterM94037/status/1912863490856878228 	
https://x.com/LowCarbonM/status/1915316049257394343/photo/1	
https://x.com/Carbon_Direct/status/1915469813989663204/photo/1 	
https://x.com/TonyClimate/status/1854321782322504116/photo/1	
https://x.com/COVID19Update/status/1881519121139147036/photo/1
https://x.com/melanie_korach/status/1915337648392065457 	
https://x.com/dlhampton/status/1914656225112838148 	
https://x.com/KariJoys/status/1915123508633612408	
https://x.com/mentalhealth/status/784771584225452032	
https://x.com/ManiraAhmad/status/1913844777759522842
https://x.com/melanie_korach/status/169646626474550082 	
https://x.com/nireyal/status/1046765691918069760 	
https://x.com/Sw_Mukundananda/status/1911612321220137132 	
https://x.com/KariJoys/status/1912138841592594841 	
https://x.com/CherGreening/status/1912708197070020994 
https://x.com/EndowarriorArt/status/1915065712345063745 	
https://x.com/vitaminangels/status/1915482106731409850 	
https://x.com/Polymedicure/status/1915331822319526193 	
https://x.com/CreusAgustina/status/1915310300644970504	
https://x.com/Bigtemz_/status/1912871132996264213 
uhttps://x.com/_Georgeobeid/status/1911733674577481812 	
https://x.com/vaccinenation/status/1915393302968336536 	
https://x.com/opportunitiesfy/status/1913670433691586718	
https://x.com/vaccinenation/status/1915393302968336536 	
https://x.com/THEYCRH/status/1914374875768131858/photo/1
https://x.com/drkasenene/status/1759927694765015475 	
https://x.com/DrUmaNaidoo/status/1915100269265768926 	
https://x.com/ucardiainc/status/1915421214518169885 	
https://x.com/LUXWESTWOOD/status/1874748536652484903
https://x.com/BethFratesMD/status/930163546524213248 
https://x.com/bulker178/status/1913282721398337850 	
https://x.com/ADikshita/status/1912327025920209325/photo/1 	
https://x.com/BuddhaBitesWise/status/1912141440701911406 	
https://x.com/HealthierMI/status/1903441806492144097/photo/1 	
https://x.com/100BlackMen/status/1906413654444011854/photo/1 
